effective_date,petrol_95,diesel_005
2012-01-03,1061.0,1027.69
2012-02-01,1095.0,1026.69
2012-03-07,1123.0,1037.07
2012-04-04,1194.0,1088.0
2012-05-02,1222.0,1098.37
2012-06-06,1167.0,1073.55
2012-07-04,1082.0,1010.97
2012-08-01,1104.0,1025.59
2012-09-05,1197.0,1094.59
2012-10-03,1220.0,1133.75
2012-11-07,1210.0,1143.95
2012-12-05,1201.0,1138.95
2013-01-02,1186.0,1111.37
2013-02-06,1227.0,1129.17
2013-03-06,1308.0,1187.55
2013-04-03,1320.0,1196.61
2013-05-01,1247.0,1141.05
2013-06-05,1239.0,1137.07
2013-07-03,1323.0,1215.27
2013-08-07,1355.0,1248.23
2013-09-04,1350.0,1262.05
2013-10-02,1330.0,1260.05
2013-11-06,1302.0,1244.85
2013-12-04,1319.0,1254.97
2014-01-01,1357.0,1287.15
2014-02-05,1396.0,1311.35
2014-03-05,1432.0,1338.55
2014-04-02,1439.0,1329.75
2014-05-07,1424.0,1299.97
2014-06-04,1402.0,1276.39
2014-07-02,1433.0,1290.39
2014-08-06,1433.0,1284.77
2014-09-03,1366.0,1259.39
2014-10-01,1361.0,1246.39
2014-11-05,1316.0,1185.39
2014-12-03,1247.0,1132.09
2015-01-07,1124.0,1028.09
2015-02-04,1031.0,926.09
2015-03-04,1127.0,1000.09
2015-04-01,1289.0,1122.79
2015-05-06,1289.0,1117.79
2015-06-03,1336.0,1166.79
2015-07-01,1377.0,1170.79
2015-08-05,1326.0,1094.97
2015-09-02,1257.0,1040.97
2015-10-07,1261.0,1093.97
2015-11-04,1239.0,1084.97
2015-12-02,1240.0,1081.17
2016-01-06,1237.0,1005.17
2016-02-03,1243.0,943.17
2016-03-02,1174.0,958.17
2016-04-06,1262.0,1053.87
2016-05-04,1274.0,1052.87
2016-06-01,1326.0,1128.87
2016-07-06,1334.0,1170.87
2016-08-03,1235.0,1096.87
2016-09-07,1217.0,1048.87
2016-10-05,1260.0,1071.87
2016-11-02,1305.0,1134.87
2016-12-07,1285.0,1102.83
2017-01-04,1333.0,1141.83
2017-02-01,1362.0,1162.83
2017-03-01,1354.0,1160.83
2017-04-05,1330.0,1150.33
2017-05-03,1379.0,1180.33
2017-06-07,1354.0,1157.33
2017-07-05,1286.0,1097.33
2017-08-02,1305.0,1126.33
2017-09-06,1372.0,1170.33
2017-10-04,1401.0,1212.33
2017-11-01,1405.0,1235.33
2017-12-06,1476.0,1295.63
2018-01-03,1442.0,1273.63
2018-02-07,1412.0,1256.63
2018-03-07,1376.0,1209.63
2018-04-04,1448.0,1274.83
2018-05-02,1497.0,1333.83
2018-06-06,1579.0,1418.83
2018-07-04,1602.0,1444.83
2018-08-01,1603.0,1440.83
2018-09-05,1608.0,1440.83
2018-10-03,1708.0,1564.83
2018-11-07,1708.0,1612.75
2018-12-05,1524.0,1467.34
2019-01-02,1401.0,1313.42
2019-02-06,1408.0,1314.42
2019-03-06,1482.0,1405.42
2019-04-03,1613.0,1487.12
2019-05-01,1667.0,1488.12
2019-06-05,1676.0,1521.28
2019-07-03,1581.0,1446.5
2019-08-07,1592.0,1433.21
2019-09-04,1603.0,1459.21
2019-10-02,1621.0,1484.21
2019-11-06,1608.0,1468.21
2019-12-04,1630.0,1453.26
2020-01-01,1616.0,1462.26
2020-02-05,1603.0,1457.26
2020-03-04,1584.0,1403.26
2020-04-01,1396.0,1269.56
2020-05-06,1222.0,1108.56
2020-06-03,1340.0,1130.56
2020-07-01,1512.0,1303.56
2020-08-05,1517.0,1348.56
2020-09-02,1518.0,1327.56
2020-10-07,1486.0,1237.56
2020-11-04,1459.0,1225.56
2020-12-02,1446.0,1245.42
2021-01-06,1486.0,1300.42
2021-02-03,1567.0,1358.42
2021-03-03,1632.0,1412.42
2021-04-07,1732.0,1477.62
2021-05-05,1723.0,1446.62
2021-06-02,1713.0,1466.62
2021-07-07,1739.0,1508.62
2021-08-04,1830.0,1564.2
2021-09-01,1834.0,1548.98
2021-10-06,1833.0,1571.78
2021-11-03,1954.0,1719.98
2021-12-01,2029.0,1792.48
2022-01-05,1961.0,1724.68
2022-02-02,2014.0,1804.52
2022-03-02,2160.0,1948.88
2022-04-06,2196.0,2101.44
2022-05-04,2184.0,2199.44
2022-06-01,2417.0,2309.44
2022-07-06,2674.0,2540.44
2022-08-03,2542.0,2452.44
2022-09-07,2338.0,2396.1
2022-10-05,2236.0,2406.1
2022-11-02,2287.0,2548.96
2022-12-07,2346.0,2391.77
2023-01-04,2140.0,2122.87
2023-02-01,2168.0,2132.03
2023-03-01,2295.0,2162.41
2023-04-05,2297.0,2088.83
2023-05-03,2334.0,2015.29
2023-06-07,2263.0,1931.29
2023-07-05,2246.0,1949.29
2023-08-02,2283.0,2021.29
2023-09-06,2454.0,2305.29
2023-10-04,2568.0,2501.99
2023-11-01,2390.0,2416.91
2023-12-06,2325.0,2181.49
2024-01-03,2249.0,2063.17
2024-02-07,2324.0,2136.17
2024-03-06,2445.0,2241.87
2024-04-03,2512.0,2245.09
2024-05-01,2549.0,2215.09
2024-06-05,2425.0,2096.55
2024-07-03,2326.0,2066.17
2024-08-07,2311.0,2038.17
2024-09-04,2219.0,1959.17
2024-10-02,2105.0,1845.17
2024-11-06,2130.0,1866.17
2024-12-04,2147.0,1921.05
2025-01-01,2159.0,1928.55
2025-02-05,2241.0,2033.55
2025-03-05,2234.0,2016.05
2025-04-02,2162.0,1932.25
2025-05-07,2140.0,1890.25
2025-06-04,2135.0,1853.35
2025-07-02,2187.0,1935.35
2025-08-06,2159.0,2000.35
2025-09-03,2155.0,1944.35
2025-10-01,2163.0,1934.35
2025-11-03,2112.0,1913.35
2025-12-03,2141.0,1978.83
2026-01-07,2075.0,1842.0000000000002
2026-02-04,2010.0000000000002,1792.0000000000002
2026-03-04,2030.0,1854.0
2026-04-01,2336.0,2591.0
2026-05-06,2663.0,3118.0
2026-06-03,2806.0,2793.0
2026-07-01,2610.0,2479.0
2026-08-05,2558.0,2617.0
2026-09-02,2692.0,2911.0
